{
  "cacheBootResources": true,
  "config": [ ],
  "debugBuild": false,
  "entryAssembly": "JpApp.Client",
  "icuDataMode": 2,
  "linkerEnabled": true,
  "resources": {
    "assembly": {
      "JpApp.Client.dll": "sha256-WUOqdlSaSBjBsDtOroQsRQGs3f7iVuZuIHltcye9yak=",
      "JpApp.Shared.dll": "sha256-aBewcMBinPfxBeVNW1YxgECgewMGF5HjUUZnS\/XzKPw=",
      "Microsoft.AspNetCore.Components.dll": "sha256-7S8bWjjux20MSXG+rymsTrfNYX8wh1MlKzk0kS7aCoY=",
      "Microsoft.AspNetCore.Components.Web.dll": "sha256-JrcahE7oAMMG1NZqgJfAQc1mtGDS9xAO6cDBWxDLgoY=",
      "Microsoft.AspNetCore.Components.WebAssembly.dll": "sha256-Izlw\/SnIKXEmOa2P51s8rKqkVBfJ+MDvJMUpyP5lHkk=",
      "Microsoft.Extensions.Configuration.Abstractions.dll": "sha256-zhFtW4kE16TdrpPne9I1Cu9o0KYzrS50VE9MVSifJg4=",
      "Microsoft.Extensions.Configuration.dll": "sha256-QPR+1IXNcA28b\/gXw3uZ8aRigHIZUJ1KWSH02kkCg7Q=",
      "Microsoft.Extensions.Configuration.Json.dll": "sha256-fF3xaP+hT6R3GYUctLIY1ixaXQ8mrHzwWHHf2dKfueU=",
      "Microsoft.Extensions.DependencyInjection.Abstractions.dll": "sha256-u27ai34x5Kgqkc1MB1vZQACR6PI\/ycmzYDDxjbxtA6g=",
      "Microsoft.Extensions.DependencyInjection.dll": "sha256-pYDNELbgbO60zgvgH5SP8004wkA0+o\/KlQxFXl\/uS2A=",
      "Microsoft.Extensions.Logging.Abstractions.dll": "sha256-sb0qnPPjHcm1e3ipvksd0L7gQWmMvWdn7xmUkp+Cqzk=",
      "Microsoft.Extensions.Logging.dll": "sha256-aj8Tk1BLrOE4y41oBvw\/VGDdmvACVEpGmiEDNrA7Hco=",
      "Microsoft.Extensions.Options.dll": "sha256-eZmnmowgP5leOxVRX6H1YZim4pQMB8QipOnBJ2aowWU=",
      "Microsoft.Extensions.Primitives.dll": "sha256-YColTWA58whC+8aBjv1O7HgsyYrbHTba601EkNDWAlo=",
      "Microsoft.JSInterop.dll": "sha256-mDVyQ2Fr+yP9br80w3hSpAm9aqZ0CDnKLLhbi9cvBlo=",
      "Microsoft.JSInterop.WebAssembly.dll": "sha256-vzwaIvFhA\/CHxhMcXKNUOu7C+zSrSm+hvDEmZhciN54=",
      "System.Collections.Concurrent.dll": "sha256-DEbtVwDE7b0SK2Ids\/SZcjV0sbbkapr+\/xiK4dBhrto=",
      "System.Collections.dll": "sha256-P+PJ4oIdQ7dP0Eiwto4ZCji\/e8kQP9BJvK+dja+81J0=",
      "System.ComponentModel.dll": "sha256-Yt2oJcpvCsQOKO97AQ\/IzcRVhDgp3QbftjrgtCAbE8M=",
      "System.Memory.dll": "sha256-L982+5fGeUow34mTmvzhvUrI\/wYidSdqPnLymwx3Cp4=",
      "System.Net.Http.dll": "sha256-WAkmqPJMtyrPbqkw7AVWcDHuI7JaxEi13q3jNYDeweQ=",
      "System.Net.Primitives.dll": "sha256-RN0F232Q70QRSS94o2MsX6\/0vscFfTWHfIiKDuzIspc=",
      "System.Private.CoreLib.dll": "sha256-2j4zTwYAGvjT73sETIHdObeA9k+BH02faSVkwDKjnRw=",
      "System.Private.Runtime.InteropServices.JavaScript.dll": "sha256-HY2+e3GfJejIUbHo8GiN6j8zhN3YQJ\/6pphg7xhGsbc=",
      "System.Private.Uri.dll": "sha256-PbiEtNj1eASjlsJGxh+ZefUwlXKMelqp7Rhhn6R24jU=",
      "System.Runtime.CompilerServices.Unsafe.dll": "sha256-pboIs9f2VIFXqCFHxgzhAkwhq+Vjkbm4tbx1jlqlCAs=",
      "System.Runtime.dll": "sha256-vppfnG059IK6z89UiCNLlfwZ5\/00QANDWCMKQJjjC7A=",
      "System.Text.Encodings.Web.dll": "sha256-2bylgJUiQjpqubbK7zSJaLR20rsotQrg2r0Z9\/Mj7AE=",
      "System.Text.Json.dll": "sha256-dAChizKNtsM9UdPWGH26oySUOaEBzW1fYsPOFbLXXCE="
    },
    "extensions": null,
    "lazyAssembly": null,
    "libraryInitializers": null,
    "pdb": null,
    "runtime": {
      "dotnet.6.0.3.3ycpzv9utk.js": "sha256-CHE+uSG2NQPt4\/s\/QFtigJWzFf8mKCTCMuwY3fYmqqY=",
      "dotnet.wasm": "sha256-Efv7xPGtc3NxZltdaaRGsrHV4sl81GxjlDiDxjYgmDw="
    },
    "satelliteResources": null
  }
}